,1,1.5,2,2.5,3,3.5,4,4.5,5,5.5,6,6.5,7,7.5,8,8.5,9,9.5,10,10.5,11,11.5,12,12.5,13,13.5,14,14.5,15,15.5,16,16.5,17,17.5,18,18.5,19,19.5,20,20.5,21,21.5,22,22.5,23,23.5,24,24.5,25,25.5,26,26.5,27,27.5,28,28.5,29,29.5,30
2004/4/1,0.0367,0.0765,0.1478,0.233,0.3203,0.4074,0.4917,0.5813,0.679,0.7922,0.9079,1.026,1.1347,1.2333,1.3225,1.4042,1.4768,1.5423,1.5981,1.6469,1.6884,1.7257,1.7576,1.7857,1.8109,1.8339,1.8549,1.8752,1.8951,1.9166,1.9396,1.9658,1.9944,2.0283,2.0662,2.1075,2.1502,2.1931,2.234,2.2722,2.307,2.3397,2.3692,2.3969,2.4213,2.4443,2.4646,2.4827,2.4986,2.5126,2.5244,2.5344,2.5424,2.5488,2.5533,2.5559,2.5567,2.5559,2.5533
2004/5/1,0.0432,0.0798,0.1433,0.2212,0.3032,0.3877,0.4744,0.5672,0.6683,0.78,0.8956,1.0085,1.1115,1.2054,1.2945,1.3798,1.4624,1.5375,1.6011,1.6528,1.6945,1.7289,1.7576,1.7818,1.8032,1.8235,1.843,1.863,1.8842,1.9073,1.9327,1.9607,1.9917,2.0268,2.0655,2.1071,2.1493,2.1913,2.2302,2.2655,2.2976,2.327,2.3533,2.3773,2.3987,2.4181,2.4355,2.451,2.4645,2.4764,2.4868,2.4959,2.5039,2.5109,2.5169,2.5219,2.5263,2.53,2.5331
2004/6/1,0.0631,0.1143,0.1847,0.2726,0.3667,0.4724,0.5818,0.7011,0.8204,0.951,1.0796,1.2106,1.33,1.4422,1.5433,1.6377,1.7192,1.7943,1.8543,1.9068,1.9477,1.9836,2.0135,2.0395,2.0623,2.0842,2.1049,2.1268,2.1485,2.1726,2.1969,2.2238,2.2517,2.283,2.3158,2.3511,2.3862,2.4223,2.4565,2.4904,2.5208,2.5513,2.5787,2.6056,2.6297,2.6529,2.6737,2.6927,2.7091,2.7239,2.7358,2.746,2.7531,2.7582,2.7605,2.76,2.7566,2.7502,2.7411
2004/7/1,0.0722,0.1266,0.2115,0.3171,0.425,0.5393,0.653,0.7699,0.8909,1.0211,1.1533,1.2842,1.4024,1.5117,1.6122,1.7083,1.7975,1.8779,1.9461,2.0012,2.0449,2.0814,2.112,2.1389,2.1636,2.1888,2.2143,2.2426,2.2718,2.3022,2.3334,2.3651,2.3963,2.4278,2.4584,2.4896,2.5204,2.553,2.586,2.6196,2.6537,2.688,2.7217,2.7553,2.7872,2.8183,2.8474,2.8747,2.8983,2.9196,2.9371,2.9507,2.9601,2.9649,2.9646,2.9587,2.9469,2.9288,2.9045
2004/8/1,0.052,0.0935,0.1568,0.23,0.3122,0.3981,0.4889,0.5834,0.6858,0.7937,0.9085,1.0219,1.1331,1.2376,1.3376,1.428,1.5103,1.5834,1.6464,1.6986,1.743,1.7807,1.8138,1.8425,1.8695,1.8941,1.919,1.944,1.9697,1.9968,2.0257,2.0555,2.0877,2.1213,2.1578,2.1955,2.2346,2.2726,2.3094,2.3439,2.3766,2.4072,2.4364,2.4635,2.4893,2.5133,2.5363,2.5567,2.5762,2.5939,2.6101,2.6249,2.6382,2.6501,2.6607,2.6696,2.6771,2.6831,2.6878
2004/9/1,0.0566,0.0886,0.1365,0.1987,0.2705,0.3494,0.4356,0.5254,0.6206,0.7213,0.8259,0.9299,1.0294,1.1227,1.211,1.2938,1.3725,1.4448,1.5104,1.5661,1.6133,1.6541,1.6901,1.7217,1.7506,1.7776,1.8037,1.8296,1.8559,1.8837,1.9127,1.9431,1.9757,2.0109,2.0491,2.0896,2.1312,2.1728,2.2132,2.2504,2.2846,2.3149,2.3422,2.3669,2.3891,2.4094,2.4281,2.445,2.4608,2.4755,2.4897,2.5033,2.5169,2.5305,2.5444,2.5587,2.5739,2.59,2.6075
2004/10/1,0.0456,0.0733,0.1219,0.1874,0.2648,0.3492,0.4421,0.5374,0.6338,0.7344,0.8333,0.9339,1.0364,1.1381,1.2381,1.3297,1.4153,1.488,1.5549,1.6119,1.6602,1.7029,1.7411,1.7746,1.8055,1.8338,1.8611,1.8874,1.9142,1.9411,1.9688,1.9986,2.0299,2.064,2.1019,2.1424,2.1857,2.23,2.2764,2.3199,2.3641,2.4055,2.4435,2.4788,2.5085,2.5334,2.5524,2.5638,2.5686,2.5688,2.567,2.5657,2.5673,2.5742,2.5884,2.6122,2.6489,2.6998,2.7699
2004/11/1,0.0311,0.0509,0.0987,0.1669,0.246,0.3319,0.4233,0.5169,0.6133,0.711,0.8106,0.9105,1.0108,1.1116,1.2075,1.297,1.3787,1.4523,1.5178,1.5745,1.6236,1.6667,1.7049,1.7387,1.7699,1.7982,1.8249,1.8506,1.8758,1.9016,1.9286,1.957,1.9881,2.0222,2.0603,2.1019,2.1465,2.1922,2.2387,2.2846,2.3294,2.3719,2.4115,2.4469,2.4774,2.5021,2.5202,2.5302,2.5332,2.5319,2.5289,2.5267,2.5278,2.5349,2.5503,2.5762,2.6158,2.6714,2.748
2004/12/1,0.0288,0.049,0.0961,0.1646,0.2466,0.3332,0.4217,0.5108,0.6012,0.6917,0.7854,0.8791,0.977,1.078,1.1794,1.2697,1.3527,1.4246,1.4882,1.5435,1.5917,1.6346,1.673,1.7068,1.7381,1.7667,1.7947,1.8205,1.8465,1.8727,1.8997,1.9276,1.958,1.9906,2.0271,2.0661,2.108,2.1516,2.1965,2.2401,2.2824,2.3227,2.3604,2.3935,2.4223,2.4456,2.4626,2.4719,2.475,2.4744,2.4727,2.4724,2.4758,2.4855,2.504,2.5329,2.5761,2.6349,2.715
2005/1/1,0.0259,0.0401,0.0796,0.1395,0.2126,0.2904,0.3717,0.4543,0.5373,0.6185,0.7005,0.7833,0.8717,0.9646,1.061,1.1501,1.2356,1.3118,1.3793,1.4374,1.487,1.5295,1.5669,1.5994,1.6294,1.6571,1.6844,1.7105,1.738,1.7664,1.7966,1.8285,1.8636,1.9011,1.9428,1.987,2.0342,2.0821,2.1311,2.1783,2.2237,2.2663,2.3055,2.3397,2.3688,2.3911,2.4062,2.4146,2.4188,2.4207,2.4226,2.4263,2.4338,2.4471,2.4684,2.4988,2.5417,2.5979,2.6719
2005/2/1,0.0374,0.0687,0.1226,0.1987,0.2835,0.3731,0.4634,0.5562,0.6495,0.7474,0.8462,0.9467,1.0436,1.1384,1.2274,1.3121,1.3926,1.4678,1.5346,1.5933,1.6412,1.6811,1.7137,1.7421,1.7662,1.7892,1.811,1.8333,1.857,1.8833,1.9117,1.943,1.9763,2.0131,2.052,2.0946,2.1381,2.1828,2.2277,2.2723,2.3152,2.3569,2.3954,2.4311,2.4623,2.4895,2.5102,2.5252,2.5331,2.5352,2.5342,2.5328,2.5338,2.5399,2.5532,2.5769,2.613,2.6664,2.7365
2005/3/1,0.021,0.0492,0.0928,0.1513,0.2194,0.2942,0.3718,0.4525,0.5354,0.62,0.706,0.7946,0.8858,0.9795,1.0723,1.16,1.2384,1.3089,1.3699,1.4232,1.4687,1.5079,1.5418,1.5724,1.6004,1.6272,1.6533,1.6802,1.7085,1.7381,1.7697,1.8032,1.8387,1.8764,1.9158,1.9574,2.0002,2.0435,2.0865,2.1296,2.1706,2.2097,2.2464,2.28,2.3101,2.3356,2.356,2.371,2.3798,2.3836,2.3847,2.3854,2.3879,2.394,2.406,2.4263,2.4567,2.4999,2.5579
2005/4/1,0.0111,0.0241,0.0554,0.1039,0.1637,0.2317,0.3043,0.3823,0.4613,0.5437,0.6236,0.7083,0.7952,0.8875,0.982,1.0728,1.1534,1.225,1.2867,1.3417,1.3892,1.4312,1.4678,1.5011,1.5319,1.5614,1.59,1.619,1.6484,1.6794,1.7116,1.7463,1.7813,1.8191,1.8579,1.8984,1.9402,1.9825,2.0243,2.0662,2.1064,2.1456,2.1821,2.217,2.2479,2.275,2.2978,2.316,2.3288,2.3367,2.3416,2.3458,2.351,2.3594,2.3724,2.3929,2.4221,2.4623,2.5159
2005/5/1,0.0161,0.0352,0.0693,0.1177,0.1761,0.2423,0.3144,0.3914,0.4699,0.549,0.6274,0.7082,0.7943,0.8852,0.9802,1.0734,1.1599,1.2389,1.3089,1.3705,1.4228,1.4662,1.5027,1.5349,1.5634,1.5901,1.6163,1.6431,1.6717,1.7027,1.7366,1.7734,1.8121,1.8526,1.894,1.9369,1.9793,2.0213,2.0627,2.1032,2.1421,2.1792,2.2139,2.2462,2.2753,2.301,2.3224,2.3393,2.3515,2.3598,2.3661,2.3726,2.3811,2.3934,2.4115,2.4374,2.4731,2.5216,2.5837
2005/6/1,0.0091,0.0197,0.0452,0.0861,0.1383,0.1998,0.2672,0.34,0.4151,0.4907,0.5635,0.6381,0.7166,0.803,0.8946,0.9882,1.0712,1.1466,1.2108,1.2667,1.3153,1.357,1.3923,1.4239,1.4524,1.4801,1.5071,1.536,1.5664,1.5994,1.6361,1.6764,1.7188,1.7636,1.8083,1.854,1.8988,1.9435,1.9854,2.0271,2.0664,2.1036,2.1382,2.1703,2.1994,2.225,2.2466,2.2643,2.2775,2.2875,2.2954,2.3038,2.3137,2.3268,2.3448,2.3698,2.4027,2.4466,2.5016
2005/7/1,0.0072,0.0406,0.0882,0.1521,0.2246,0.3017,0.3817,0.4634,0.5441,0.6252,0.703,0.7825,0.8642,0.952,1.0403,1.1306,1.2142,1.2903,1.3583,1.4194,1.473,1.5193,1.5576,1.5906,1.619,1.6458,1.6705,1.6964,1.7236,1.7534,1.7863,1.8233,1.8627,1.9056,1.9497,1.9965,2.0444,2.0936,2.1421,2.1898,2.2363,2.2812,2.3227,2.3618,2.3966,2.4269,2.4513,2.4702,2.4819,2.488,2.4906,2.4925,2.4961,2.5036,2.5174,2.5405,2.5746,2.6236,2.6886
2005/8/1,0.0334,0.0776,0.1317,0.1935,0.263,0.3376,0.4192,0.5037,0.5907,0.6754,0.7589,0.8415,0.9279,1.0163,1.1065,1.1933,1.2725,1.3413,1.4022,1.4552,1.5022,1.5424,1.5783,1.6091,1.6383,1.6656,1.6923,1.7197,1.7489,1.7795,1.8134,1.8496,1.8889,1.9297,1.973,2.0167,2.0614,2.1062,2.1509,2.1943,2.237,2.2772,2.3152,2.3499,2.3818,2.4082,2.4306,2.4472,2.4582,2.4645,2.4685,2.4725,2.4786,2.4888,2.5055,2.5305,2.5673,2.6159,2.682
2005/9/1,0.0412,0.1341,0.2272,0.3207,0.416,0.5097,0.6036,0.6975,0.7898,0.8795,0.9657,1.0486,1.1289,1.2057,1.2796,1.3479,1.4101,1.4637,1.5105,1.5517,1.5883,1.6199,1.6478,1.6722,1.6946,1.7161,1.7376,1.7607,1.7855,1.8128,1.8437,1.8786,1.9171,1.9581,2.0008,2.0446,2.0889,2.1324,2.176,2.2176,2.2575,2.2954,2.3306,2.363,2.392,2.4167,2.4369,2.4521,2.4621,2.468,2.472,2.4764,2.4833,2.4946,2.5126,2.5393,2.5772,2.6285,2.6959
2005/10/1,0.0948,0.1828,0.2772,0.3759,0.4795,0.58,0.6766,0.7731,0.8649,0.9559,1.0465,1.1339,1.2184,1.2956,1.3691,1.4335,1.4953,1.5511,1.601,1.6469,1.6889,1.7254,1.7578,1.7854,1.8101,1.8321,1.8534,1.8739,1.8945,1.9163,1.9392,1.9644,1.9922,2.0217,2.0533,2.0863,2.1218,2.1564,2.1928,2.2286,2.2633,2.2979,2.3298,2.3602,2.3886,2.4133,2.4349,2.4522,2.4655,2.4739,2.4802,2.4861,2.4935,2.5044,2.5212,2.5454,2.5799,2.6259,2.6871
2005/11/1,0.0734,0.138,0.2163,0.3074,0.4049,0.5016,0.5963,0.6872,0.7757,0.8618,0.9459,1.0292,1.1096,1.1874,1.262,1.331,1.3929,1.4468,1.4942,1.5366,1.5751,1.6097,1.6422,1.6722,1.7007,1.7282,1.7547,1.781,1.8072,1.833,1.8593,1.8859,1.9137,1.9433,1.9758,2.011,2.0498,2.0909,2.1342,2.1781,2.2225,2.2661,2.3083,2.3484,2.386,2.419,2.4473,2.4702,2.487,2.4977,2.5043,2.5091,2.5138,2.5203,2.5308,2.5472,2.5719,2.6063,2.6527
2005/12/1,0.0918,0.1875,0.2857,0.3833,0.4805,0.5763,0.6717,0.7649,0.8585,0.9478,1.0355,1.119,1.1984,1.2673,1.3313,1.3874,1.4373,1.4809,1.5197,1.5548,1.5871,1.616,1.6434,1.6689,1.6942,1.7177,1.7419,1.7663,1.7913,1.8168,1.8439,1.8719,1.9017,1.9319,1.9632,1.9954,2.0286,2.0614,2.094,2.1265,2.1587,2.1895,2.2197,2.2486,2.2763,2.3016,2.3255,2.3462,2.3651,2.3813,2.3958,2.4097,2.4234,2.4371,2.4521,2.4686,2.4877,2.5093,2.5351
2006/1/1,0.1008,0.1975,0.302,0.4086,0.5162,0.6223,0.7266,0.8271,0.9266,1.0219,1.116,1.2043,1.287,1.3572,1.4201,1.4751,1.5255,1.5727,1.6168,1.6577,1.6955,1.729,1.7594,1.7856,1.8095,1.8304,1.8507,1.8703,1.8902,1.9105,1.9324,1.9558,1.9814,2.0084,2.0372,2.0672,2.0987,2.1304,2.1625,2.1947,2.2269,2.2583,2.2893,2.319,2.3476,2.3738,2.3987,2.4203,2.4399,2.4565,2.4708,2.4837,2.496,2.508,2.5208,2.5347,2.551,2.5697,2.5926
2006/2/1,0.1823,0.3414,0.4857,0.6191,0.7389,0.848,0.9429,1.0294,1.1093,1.1884,1.2661,1.3414,1.4073,1.4617,1.5053,1.5427,1.5768,1.611,1.6439,1.6762,1.7063,1.7348,1.76,1.7834,1.8043,1.8236,1.8419,1.8598,1.8771,1.8946,1.9122,1.9308,1.9498,1.9698,1.99,2.0108,2.032,2.0535,2.0749,2.0966,2.1178,2.1391,2.1598,2.1805,2.1999,2.219,2.2368,2.2537,2.2695,2.2842,2.2978,2.3109,2.3232,2.3352,2.3468,2.3586,2.37,2.3821,2.3944
2006/3/1,0.2993,0.4945,0.6618,0.8033,0.9239,1.032,1.1306,1.2217,1.3069,1.3885,1.4661,1.5378,1.6007,1.653,1.695,1.7298,1.7583,1.7829,1.8043,1.8232,1.8405,1.857,1.8728,1.8888,1.9049,1.9215,1.9383,1.9544,1.9702,1.9856,2.0003,2.0144,2.028,2.0415,2.0553,2.0693,2.084,2.0998,2.1159,2.1325,2.1495,2.1668,2.1843,2.2016,2.2186,2.2354,2.2517,2.2676,2.2827,2.2975,2.3109,2.3231,2.3339,2.3432,2.3506,2.3561,2.3594,2.3604,2.3589
2006/4/1,0.2907,0.4806,0.6492,0.802,0.9381,1.0614,1.1788,1.285,1.3849,1.4804,1.5686,1.6504,1.7222,1.7858,1.8363,1.8809,1.9183,1.9507,1.9797,2.0057,2.0289,2.0505,2.0704,2.0895,2.1075,2.1257,2.1429,2.1589,2.1747,2.1893,2.2032,2.2165,2.2291,2.2419,2.2551,2.2695,2.2845,2.3017,2.3198,2.3384,2.3582,2.3779,2.398,2.4179,2.4372,2.4561,2.4739,2.4911,2.5062,2.5206,2.5333,2.5443,2.5542,2.5631,2.5711,2.5784,2.5851,2.5914,2.5974
2006/5/1,0.5277,0.6898,0.8172,0.9201,1.0125,1.1022,1.1911,1.278,1.3592,1.4346,1.5049,1.569,1.6293,1.6856,1.7371,1.7835,1.8242,1.8609,1.8939,1.9235,1.9503,1.9752,1.9977,2.0185,2.0378,2.056,2.0731,2.089,2.1039,2.1184,2.1324,2.1463,2.1603,2.1749,2.19,2.206,2.2233,2.2424,2.2628,2.2843,2.3062,2.3286,2.3507,2.3724,2.3927,2.4117,2.4291,2.4444,2.4574,2.4679,2.4754,2.48,2.4829,2.4852,2.4878,2.4917,2.4978,2.5071,2.5205
2006/6/1,0.5273,0.6998,0.8356,0.9457,1.0437,1.1397,1.2364,1.3323,1.4224,1.5085,1.587,1.6577,1.7184,1.7729,1.8199,1.865,1.9067,1.9461,1.9831,2.0173,2.0484,2.0776,2.1042,2.1291,2.1515,2.1728,2.1918,2.2088,2.2241,2.2383,2.2517,2.2652,2.2787,2.2934,2.3089,2.3259,2.3438,2.3641,2.3854,2.4077,2.4305,2.4537,2.4767,2.4992,2.5204,2.5407,2.559,2.5758,2.5896,2.6013,2.6099,2.6161,2.6212,2.6262,2.6321,2.6401,2.651,2.6663,2.6865
2006/7/1,0.5269,0.6834,0.8152,0.9296,1.0358,1.1382,1.2367,1.3327,1.4212,1.5049,1.5811,1.6511,1.7112,1.7669,1.8177,1.8669,1.9147,1.9606,2.0023,2.0391,2.0711,2.1002,2.1263,2.1512,2.1738,2.1965,2.2185,2.2405,2.2624,2.2842,2.3049,2.3245,2.3418,2.3574,2.3716,2.3861,2.4018,2.4198,2.4397,2.4613,2.4834,2.5067,2.53,2.5531,2.5751,2.5968,2.6162,2.6345,2.6503,2.6636,2.6741,2.6814,2.6865,2.6906,2.6946,2.6995,2.7061,2.7159,2.7294
2006/8/1,0.3751,0.5039,0.6094,0.697,0.7818,0.8663,0.9554,1.0405,1.1244,1.2019,1.2747,1.3412,1.4038,1.461,1.5158,1.567,1.616,1.6612,1.7032,1.7396,1.7724,1.8025,1.8307,1.8576,1.8841,1.9104,1.9376,1.965,1.9942,2.0227,2.0517,2.079,2.1043,2.1273,2.1486,2.1687,2.1896,2.2116,2.235,2.2588,2.2836,2.3082,2.3328,2.3568,2.3802,2.4024,2.4238,2.4433,2.4613,2.4771,2.4911,2.5022,2.5124,2.522,2.532,2.5433,2.5565,2.5726,2.5927
2006/9/1,0.3457,0.5001,0.6261,0.727,0.8176,0.9015,0.983,1.0622,1.1377,1.21,1.2783,1.3411,1.3994,1.4542,1.5087,1.5647,1.6232,1.6799,1.7334,1.7806,1.821,1.8554,1.8856,1.9128,1.9382,1.9631,1.9886,2.0145,2.0419,2.0701,2.0979,2.1246,2.1493,2.1712,2.1908,2.2095,2.2291,2.2505,2.2739,2.2984,2.3235,2.3492,2.3753,2.4006,2.4255,2.4491,2.4714,2.4919,2.5102,2.5262,2.5392,2.5495,2.5582,2.5665,2.5754,2.5859,2.599,2.6159,2.6375
2006/10/1,0.4929,0.6095,0.7124,0.8003,0.882,0.9649,1.046,1.1261,1.203,1.2737,1.3396,1.3995,1.4576,1.5106,1.5653,1.6196,1.6732,1.7263,1.7769,1.8216,1.861,1.8945,1.9245,1.9512,1.9767,2.0009,2.0247,2.0493,2.0745,2.1007,2.1271,2.1519,2.1749,2.1948,2.2122,2.2274,2.2439,2.2625,2.2833,2.3066,2.3307,2.3562,2.3827,2.4086,2.4347,2.4596,2.4842,2.506,2.5267,2.5448,2.5598,2.5716,2.5808,2.5877,2.5932,2.5976,2.6016,2.6059,2.6112
2006/11/1,0.5638,0.6903,0.7909,0.8716,0.9455,1.0173,1.0904,1.1592,1.2209,1.2739,1.3204,1.3647,1.4118,1.4623,1.5146,1.5663,1.6163,1.6643,1.7081,1.7471,1.7817,1.8129,1.8416,1.8683,1.8937,1.9185,1.9432,1.9677,1.9931,2.0182,2.0429,2.0665,2.0886,2.109,2.1278,2.1458,2.1646,2.1849,2.2068,2.2297,2.2536,2.2776,2.3018,2.3254,2.3486,2.3706,2.3915,2.4106,2.4279,2.443,2.4556,2.4652,2.4725,2.4781,2.4825,2.4863,2.49,2.4942,2.4994
2006/12/1,0.5629,0.675,0.7764,0.8675,0.9531,1.0337,1.1129,1.1863,1.255,1.3174,1.3741,1.4233,1.4709,1.5153,1.5586,1.6006,1.6419,1.6823,1.7212,1.7565,1.7893,1.8186,1.8463,1.8708,1.8943,1.9165,1.9378,1.9578,1.9775,1.9964,2.015,2.0324,2.0491,2.0651,2.0807,2.0962,2.1129,2.1311,2.1509,2.1714,2.1928,2.2148,2.2371,2.2586,2.2802,2.3003,2.32,2.3379,2.3542,2.3688,2.3815,2.3915,2.4,2.407,2.4134,2.4192,2.4252,2.4318,2.4392
2007/1/1,0.4752,0.5937,0.7002,0.796,0.8863,0.9716,1.055,1.1329,1.2062,1.272,1.3327,1.3867,1.4405,1.4926,1.5442,1.596,1.6481,1.6989,1.7477,1.7917,1.8317,1.8666,1.8986,1.9266,1.953,1.9772,2.0001,2.0216,2.0426,2.0629,2.0831,2.1028,2.1228,2.1427,2.1631,2.1832,2.2038,2.2249,2.2466,2.2683,2.2904,2.3123,2.3342,2.3553,2.3763,2.3959,2.4153,2.4334,2.4504,2.4661,2.4806,2.4932,2.5044,2.5141,2.5224,2.5293,2.5349,2.5393,2.5424
2007/2/1,0.5986,0.7248,0.816,0.8854,0.9476,1.0129,1.0817,1.151,1.2132,1.2667,1.3113,1.3546,1.4016,1.4519,1.502,1.5509,1.596,1.6388,1.6782,1.716,1.7502,1.7835,1.8142,1.8428,1.8692,1.894,1.9162,1.9364,1.954,1.9702,1.9857,2.0022,2.0198,2.0397,2.0612,2.0833,2.105,2.1261,2.146,2.1655,2.1839,2.2023,2.2195,2.2365,2.2529,2.269,2.2848,2.3004,2.3159,2.3315,2.3468,2.3619,2.3758,2.3886,2.3986,2.4061,2.41,2.41,2.4053
2007/3/1,0.5983,0.7127,0.803,0.8751,0.9389,1.0025,1.0692,1.1367,1.2009,1.2585,1.3094,1.3578,1.4063,1.4561,1.5056,1.5554,1.6029,1.6482,1.6912,1.7318,1.7692,1.8037,1.8352,1.8646,1.8919,1.9173,1.9407,1.9626,1.9832,2.0029,2.0219,2.0411,2.0603,2.0799,2.0999,2.1204,2.1409,2.1617,2.1822,2.2028,2.2232,2.2434,2.2632,2.2829,2.3021,2.3211,2.3396,2.3578,2.3757,2.3926,2.4089,2.4244,2.4386,2.4513,2.4619,2.4703,2.4759,2.4782,2.4771
2007/4/1,0.6591,0.7733,0.8578,0.9208,0.979,1.0367,1.0989,1.1631,1.2222,1.274,1.3177,1.3606,1.4034,1.4506,1.4976,1.5429,1.5864,1.6278,1.6664,1.7035,1.7382,1.7715,1.8025,1.833,1.8611,1.887,1.9121,1.9349,1.9563,1.9766,1.9956,2.0144,2.0328,2.0519,2.0704,2.0899,2.1089,2.1273,2.1458,2.1637,2.1815,2.1992,2.2164,2.2337,2.2508,2.2683,2.285,2.3027,2.3203,2.3374,2.3548,2.3725,2.3891,2.4045,2.4175,2.428,2.4348,2.4372,2.4346
2007/5/1,0.7438,0.8742,0.9741,1.0528,1.1215,1.1874,1.2507,1.3117,1.3687,1.4208,1.4682,1.5134,1.5574,1.6006,1.642,1.6819,1.7199,1.7549,1.7879,1.819,1.8482,1.8759,1.9018,1.9267,1.9505,1.973,1.9946,2.0158,2.036,2.0557,2.0749,2.0939,2.1127,2.1311,2.1489,2.1665,2.1832,2.1994,2.2148,2.2302,2.2449,2.2591,2.2732,2.2873,2.3013,2.3156,2.33,2.3448,2.3601,2.3759,2.392,2.4083,2.4242,2.4391,2.4523,2.4633,2.4712,2.4753,2.475
2007/6/1,0.7919,0.9106,1.0091,1.0968,1.1768,1.2557,1.3338,1.4118,1.4832,1.5469,1.5998,1.6483,1.6911,1.7343,1.7739,1.8132,1.8498,1.8844,1.9164,1.9477,1.9767,2.005,2.0312,2.0573,2.0815,2.1052,2.1277,2.1497,2.1708,2.1918,2.2114,2.2307,2.2485,2.2649,2.2791,2.2929,2.3058,2.3192,2.3324,2.3461,2.3598,2.374,2.388,2.4028,2.4174,2.4331,2.4484,2.4649,2.4816,2.4987,2.5162,2.5339,2.5505,2.5658,2.5781,2.5874,2.5922,2.5918,2.5855
2007/7/1,0.7849,0.8976,0.9855,1.0551,1.1188,1.186,1.2568,1.3294,1.3954,1.4518,1.4962,1.5383,1.5811,1.6274,1.6742,1.7201,1.7627,1.8025,1.8392,1.8744,1.9073,1.9396,1.9693,1.9987,2.0264,2.0525,2.0767,2.0997,2.1207,2.1405,2.1589,2.1775,2.1962,2.2158,2.2357,2.2556,2.2747,2.2926,2.3092,2.3253,2.3407,2.3555,2.3697,2.3842,2.3982,2.413,2.4278,2.4432,2.4595,2.4765,2.4943,2.5126,2.53,2.5463,2.5599,2.5706,2.5769,2.578,2.5733
2007/8/1,0.7482,0.8245,0.8802,0.9226,0.9672,1.0177,1.079,1.1409,1.1974,1.2422,1.2792,1.3154,1.3587,1.4083,1.461,1.512,1.5599,1.6027,1.6425,1.6799,1.7156,1.7497,1.7831,1.8154,1.8473,1.8775,1.9077,1.9359,1.9642,1.9913,2.0178,2.0441,2.0708,2.097,2.1235,2.1485,2.172,2.1927,2.2116,2.2285,2.2441,2.2587,2.2727,2.2864,2.3005,2.3149,2.3302,2.3467,2.3651,2.3845,2.4063,2.4283,2.4493,2.468,2.4827,2.492,2.4943,2.4882,2.4723
2007/9/1,0.7071,0.7933,0.8593,0.9088,0.959,1.0179,1.0868,1.1551,1.2142,1.257,1.2904,1.3256,1.3714,1.427,1.4866,1.5459,1.6003,1.6501,1.6962,1.7389,1.7787,1.8156,1.8499,1.8819,1.9122,1.9407,1.9687,1.9957,2.0226,2.0497,2.0768,2.1043,2.1316,2.1582,2.1843,2.2092,2.2328,2.2545,2.2749,2.2938,2.3118,2.3289,2.3457,2.3621,2.3786,2.3954,2.4126,2.4306,2.4499,2.4698,2.4908,2.5118,2.5317,2.5493,2.5634,2.573,2.5767,2.5733,2.562
2007/10/1,0.6484,0.7297,0.785,0.8264,0.8687,0.9228,0.9892,1.0551,1.1127,1.1545,1.1893,1.2257,1.2757,1.3365,1.4,1.4645,1.5269,1.5844,1.6395,1.6902,1.7383,1.7822,1.8235,1.8606,1.894,1.9259,1.9557,1.9851,2.015,2.0451,2.076,2.1066,2.1377,2.1661,2.1945,2.2211,2.2456,2.2694,2.2911,2.3121,2.3324,2.3514,2.37,2.3879,2.4061,2.4233,2.4413,2.4593,2.4773,2.4956,2.5147,2.5336,2.5519,2.5685,2.5829,2.5942,2.6018,2.6045,2.6019
2007/11/1,0.6207,0.7064,0.7642,0.8052,0.8476,0.8983,0.9562,1.0112,1.0557,1.0842,1.1056,1.1323,1.1737,1.2284,1.2891,1.3508,1.409,1.4639,1.516,1.5653,1.6121,1.6559,1.6968,1.735,1.7708,1.8039,1.836,1.8665,1.8963,1.9257,1.9548,1.9837,2.0125,2.0403,2.0677,2.0943,2.1202,2.1452,2.1696,2.1929,2.2156,2.2373,2.2585,2.279,2.299,2.3184,2.3373,2.3559,2.3743,2.3917,2.4088,2.425,2.44,2.4535,2.4649,2.4742,2.4806,2.4838,2.4834
2007/12/1,0.6051,0.6688,0.7103,0.7355,0.7679,0.8191,0.892,0.9659,1.0288,1.0715,1.1011,1.1304,1.1706,1.2228,1.2827,1.3442,1.4049,1.4596,1.514,1.5641,1.6121,1.6569,1.6989,1.7386,1.776,1.8106,1.8442,1.8761,1.9086,1.939,1.9705,2.0015,2.033,2.064,2.0954,2.1257,2.1555,2.1828,2.2087,2.2332,2.2567,2.2781,2.2986,2.3183,2.3374,2.3556,2.3736,2.3914,2.4092,2.4265,2.4443,2.4605,2.4762,2.4894,2.5,2.5076,2.5113,2.5105,2.5045
2008/1/1,0.4801,0.5191,0.5611,0.6064,0.6601,0.7224,0.7928,0.8589,0.9157,0.9596,0.9977,1.0379,1.0879,1.1468,1.2121,1.2783,1.345,1.4073,1.4694,1.5278,1.5832,1.6353,1.6838,1.7282,1.7694,1.807,1.8429,1.8768,1.9105,1.9424,1.9751,2.0073,2.0397,2.0716,2.1039,2.1349,2.1651,2.193,2.2194,2.2441,2.2678,2.2898,2.3109,2.3313,2.3512,2.3706,2.3901,2.4096,2.4295,2.4492,2.4696,2.4886,2.5067,2.5221,2.5344,2.5427,2.5463,2.5441,2.5355
2008/2/1,0.5178,0.5535,0.5755,0.5956,0.627,0.6793,0.7441,0.8077,0.8603,0.8997,0.9332,0.9718,1.0211,1.0823,1.148,1.2147,1.2785,1.34,1.3988,1.4548,1.5069,1.5564,1.6014,1.6424,1.6795,1.7156,1.749,1.7832,1.8172,1.8526,1.8886,1.9246,1.9594,1.9935,2.0256,2.0565,2.0851,2.1128,2.1381,2.1617,2.184,2.2054,2.2257,2.2456,2.2646,2.2837,2.3023,2.321,2.339,2.3579,2.3764,2.3942,2.4106,2.4252,2.437,2.4453,2.4496,2.4494,2.444
2008/3/1,0.5349,0.5649,0.5803,0.593,0.6142,0.6499,0.6976,0.7425,0.7724,0.7809,0.78,0.7914,0.8302,0.8953,0.9749,1.0571,1.1367,1.2126,1.2849,1.3537,1.4181,1.479,1.5356,1.5876,1.635,1.6803,1.7232,1.7659,1.8095,1.8551,1.9029,1.9518,2.0008,2.0499,2.0975,2.1429,2.1845,2.2221,2.2543,2.2823,2.3069,2.3289,2.3487,2.3672,2.3846,2.402,2.4196,2.438,2.4575,2.4788,2.5015,2.5242,2.5458,2.5653,2.581,2.5917,2.5961,2.5931,2.5818
2008/4/1,0.6566,0.733,0.8077,0.8769,0.9435,1.0088,1.0697,1.1232,1.1654,1.1969,1.222,1.2521,1.2916,1.3385,1.3911,1.4463,1.5009,1.5562,1.6098,1.6631,1.7139,1.7647,1.8124,1.8561,1.8986,1.9377,1.9748,2.0107,2.0443,2.077,2.108,2.1382,2.1654,2.1925,2.218,2.2418,2.2656,2.2882,2.3106,2.3327,2.3539,2.3751,2.3956,2.4165,2.4361,2.4564,2.4763,2.4954,2.5144,2.5336,2.5521,2.5699,2.586,2.6003,2.6118,2.6201,2.6243,2.624,2.6188
2008/5/1,0.7361,0.8182,0.9036,0.9909,1.0772,1.164,1.2457,1.3157,1.3687,1.4029,1.429,1.4588,1.4996,1.5509,1.6064,1.662,1.7136,1.7621,1.808,1.8518,1.8938,1.9349,1.9748,2.0136,2.0512,2.0877,2.1223,2.1552,2.1852,2.2126,2.2376,2.261,2.2836,2.3062,2.3284,2.3502,2.3711,2.3911,2.4102,2.4279,2.4446,2.4606,2.4759,2.4907,2.5049,2.519,2.5327,2.546,2.5591,2.5722,2.5848,2.5966,2.6071,2.616,2.6228,2.6267,2.6276,2.6249,2.6182
2008/6/1,0.687,0.7428,0.7917,0.8429,0.9006,0.9717,1.0541,1.138,1.203,1.245,1.267,1.2886,1.3189,1.3648,1.4182,1.4753,1.5308,1.5849,1.6344,1.6833,1.7277,1.7722,1.8123,1.8517,1.8876,1.9231,1.9564,1.9893,2.0207,2.0527,2.0838,2.1161,2.1467,2.1795,2.2107,2.2424,2.2711,2.2985,2.3227,2.3448,2.3642,2.3826,2.3989,2.415,2.4292,2.4437,2.4573,2.4712,2.4848,2.4989,2.5127,2.5262,2.5379,2.5482,2.5557,2.56,2.5605,2.5566,2.548
2008/7/1,0.6484,0.71,0.7697,0.8314,0.8947,0.9643,1.0361,1.1003,1.1463,1.1687,1.1793,1.1951,1.2274,1.2805,1.3444,1.412,1.473,1.5287,1.5777,1.6229,1.6653,1.707,1.7485,1.7911,1.8345,1.8798,1.925,1.9718,2.0164,2.0622,2.1062,2.1475,2.1846,2.2172,2.245,2.2701,2.2927,2.3151,2.3367,2.3579,2.3782,2.3979,2.4169,2.4354,2.4528,2.4699,2.486,2.5013,2.5153,2.5288,2.5406,2.5515,2.5607,2.5685,2.5746,2.5786,2.5805,2.5803,2.5777
2008/8/1,0.6021,0.6731,0.7157,0.7463,0.7858,0.8429,0.919,0.9859,1.0222,1.0191,1.0015,0.9968,1.0248,1.0863,1.1672,1.2512,1.3314,1.3964,1.4532,1.502,1.5463,1.5886,1.6316,1.6753,1.7222,1.7697,1.8183,1.8653,1.9115,1.9541,1.9937,2.03,2.0637,2.0944,2.1235,2.1505,2.1766,2.2017,2.2268,2.25,2.2732,2.295,2.3159,2.3359,2.3546,2.3722,2.3888,2.4036,2.4171,2.4289,2.4395,2.4483,2.4559,2.462,2.4668,2.4699,2.4718,2.4722,2.4712
2008/9/1,0.6621,0.7116,0.7624,0.8135,0.8661,0.9213,0.9792,1.0314,1.0693,1.087,1.0945,1.108,1.1396,1.1955,1.2651,1.3392,1.4104,1.4726,1.5249,1.5699,1.6108,1.6501,1.6902,1.7321,1.7782,1.8258,1.8741,1.9218,1.9673,2.0099,2.0489,2.0836,2.1149,2.1425,2.1674,2.1898,2.2108,2.2304,2.2494,2.2675,2.285,2.3017,2.3177,2.333,2.3475,2.3614,2.3747,2.3867,2.3979,2.4082,2.4175,2.4256,2.4325,2.4382,2.4424,2.4448,2.4455,2.4445,2.4414
2008/10/1,0.5038,0.5026,0.5342,0.5893,0.6538,0.719,0.7822,0.8401,0.8903,0.9328,0.9741,1.0232,1.0856,1.1639,1.2513,1.3367,1.4158,1.4835,1.538,1.5838,1.6239,1.6626,1.7022,1.745,1.7937,1.8463,1.901,1.9539,2.003,2.0468,2.084,2.1157,2.1431,2.1677,2.1902,2.2112,2.231,2.2502,2.2687,2.2863,2.3031,2.319,2.3338,2.3474,2.3596,2.3705,2.3798,2.3872,2.3927,2.3962,2.3978,2.3976,2.3955,2.3918,2.3863,2.3791,2.3702,2.3598,2.3478
2008/11/1,0.5565,0.6159,0.6493,0.6725,0.7048,0.7564,0.8255,0.8873,0.9195,0.9138,0.8957,0.8936,0.928,1.0031,1.1024,1.2087,1.3122,1.3992,1.4688,1.5265,1.5766,1.6243,1.673,1.7253,1.7841,1.8462,1.9088,1.9679,2.0212,2.0646,2.0984,2.1244,2.1453,2.1629,2.1784,2.1919,2.2036,2.2139,2.2231,2.2309,2.2379,2.2445,2.2507,2.257,2.2635,2.2705,2.2782,2.2866,2.296,2.3063,2.3169,2.3268,2.3352,2.3416,2.3453,2.3452,2.3409,2.3317,2.3169
2008/12/1,0.333,0.3684,0.3996,0.4292,0.468,0.521,0.5913,0.663,0.7198,0.7507,0.7661,0.7853,0.8236,0.8868,0.965,1.0444,1.1197,1.178,1.225,1.2619,1.2941,1.3258,1.36,1.3984,1.4446,1.4959,1.5502,1.6018,1.6499,1.6896,1.7215,1.7467,1.7668,1.7827,1.7959,1.8063,1.8152,1.8231,1.8306,1.8371,1.8435,1.8495,1.8552,1.8607,1.866,1.8715,1.8769,1.8822,1.8877,1.893,1.8983,1.9029,1.907,1.9102,1.9124,1.9132,1.9126,1.9103,1.9061
2009/1/1,0.3465,0.405,0.4482,0.4817,0.5211,0.5732,0.6415,0.7097,0.7639,0.7961,0.8186,0.8482,0.8986,0.9716,1.0578,1.1451,1.2294,1.2989,1.3565,1.4031,1.4439,1.4829,1.5232,1.5665,1.6165,1.6697,1.7245,1.7756,1.8223,1.8599,1.8896,1.913,1.932,1.9476,1.9612,1.973,1.9838,1.9941,2.0043,2.0138,2.0232,2.0322,2.0407,2.0487,2.0563,2.0633,2.0698,2.0754,2.0804,2.0845,2.0881,2.0909,2.0932,2.0949,2.0961,2.0965,2.0965,2.0959,2.0948
2009/2/1,0.3566,0.3992,0.4248,0.447,0.482,0.5386,0.6161,0.6912,0.7414,0.7591,0.7653,0.784,0.8318,0.9116,1.0043,1.1044,1.1979,1.2784,1.3441,1.3991,1.4465,1.4905,1.5323,1.5756,1.621,1.6693,1.7157,1.7619,1.8041,1.8423,1.8755,1.9045,1.9288,1.9492,1.9658,1.98,1.9919,2.0028,2.0126,2.0216,2.0299,2.0379,2.0455,2.0531,2.0605,2.0683,2.0761,2.0844,2.0927,2.1014,2.1095,2.1168,2.1229,2.1275,2.1299,2.1299,2.127,2.121,2.1116
2009/3/1,0.3222,0.3687,0.4213,0.4804,0.5439,0.6113,0.6809,0.7468,0.8012,0.8407,0.8723,0.9098,0.9634,1.0353,1.1181,1.2031,1.2834,1.3537,1.4125,1.4638,1.5094,1.5515,1.592,1.6334,1.6758,1.7197,1.7638,1.8072,1.8488,1.8871,1.9215,1.9518,1.9772,1.9977,2.0137,2.0265,2.0366,2.0449,2.052,2.0586,2.0647,2.0708,2.0771,2.0841,2.092,2.1008,2.1109,2.1226,2.1359,2.1501,2.1645,2.1782,2.1903,2.1998,2.206,2.2081,2.2052,2.1966,2.182
2009/4/1,0.276,0.318,0.3767,0.449,0.5271,0.608,0.6876,0.7654,0.8361,0.901,0.9612,1.0244,1.0904,1.1609,1.2325,1.3023,1.3665,1.4249,1.4762,1.5238,1.5677,1.6102,1.65,1.6909,1.7317,1.7733,1.8155,1.8583,1.9007,1.9429,1.9829,2.02,2.0507,2.0746,2.0911,2.1037,2.1136,2.1227,2.1323,2.1425,2.1532,2.1645,2.1761,2.1883,2.2007,2.2136,2.2264,2.2395,2.2527,2.2656,2.2773,2.2877,2.2957,2.3006,2.302,2.299,2.2915,2.2785,2.2598
2009/5/1,0.2217,0.2694,0.3407,0.4277,0.5184,0.6041,0.6844,0.7625,0.8414,0.9234,1.0061,1.0889,1.1697,1.2472,1.3204,1.3898,1.4526,1.5095,1.561,1.6086,1.6534,1.6958,1.7365,1.7766,1.8164,1.8566,1.8969,1.9387,1.9806,2.0231,2.0655,2.1059,2.1421,2.173,2.1987,2.2202,2.2383,2.2534,2.2661,2.2771,2.2865,2.2949,2.3026,2.3101,2.3174,2.3247,2.3326,2.3412,2.3506,2.3606,2.37,2.3783,2.3848,2.3886,2.3891,2.3857,2.3778,2.3645,2.3456
2009/6/1,0.2072,0.2539,0.3099,0.3746,0.4424,0.5149,0.5867,0.6613,0.7278,0.7925,0.8504,0.9122,0.9776,1.0493,1.1226,1.1981,1.2692,1.339,1.4008,1.461,1.5147,1.5671,1.615,1.6627,1.7074,1.7516,1.7935,1.8359,1.8766,1.9183,1.957,1.9963,2.0313,2.0644,2.0925,2.1183,2.1402,2.1592,2.1747,2.1883,2.1995,2.21,2.2189,2.2282,2.2371,2.2467,2.2569,2.2687,2.2817,2.2957,2.3088,2.3213,2.3313,2.3382,2.3409,2.3387,2.3309,2.316,2.2944
2009/7/1,0.2098,0.2424,0.2897,0.3506,0.4188,0.4938,0.5745,0.6564,0.7328,0.8026,0.8653,0.9296,0.9988,1.0772,1.1573,1.2409,1.3204,1.3946,1.4609,1.5209,1.5759,1.6275,1.676,1.7242,1.7714,1.8203,1.8669,1.9146,1.9606,2.0049,2.0466,2.0865,2.123,2.1569,2.1869,2.2144,2.2386,2.2599,2.278,2.2938,2.3079,2.3209,2.333,2.3452,2.3575,2.3706,2.3845,2.4005,2.4172,2.4348,2.4513,2.4661,2.478,2.4857,2.4882,2.4845,2.4738,2.4547,2.4273
2009/8/1,0.1867,0.1965,0.2292,0.2779,0.3397,0.4101,0.4882,0.5669,0.6402,0.7035,0.7622,0.8223,0.8907,0.9673,1.0523,1.136,1.2211,1.3009,1.3743,1.4422,1.5063,1.5647,1.6203,1.6719,1.7214,1.768,1.8142,1.8591,1.9043,1.9501,1.9963,2.0401,2.0805,2.1145,2.1432,2.1669,2.1872,2.2033,2.2173,2.2291,2.2394,2.2489,2.2581,2.2674,2.2775,2.2883,2.3008,2.315,2.3313,2.3474,2.3632,2.3771,2.3882,2.3951,2.3969,2.3925,2.381,2.3615,2.333
2009/9/1,0.1887,0.2062,0.2379,0.2818,0.3363,0.3993,0.4697,0.5406,0.608,0.6688,0.7263,0.7878,0.8569,0.9355,1.0203,1.1072,1.1932,1.2748,1.3506,1.421,1.4866,1.5469,1.6037,1.6555,1.7036,1.7487,1.7918,1.8344,1.8773,1.9206,1.9643,2.0059,2.0441,2.0771,2.1057,2.1299,2.1506,2.1681,2.1831,2.1961,2.2077,2.2183,2.2283,2.2385,2.2491,2.2602,2.2725,2.2863,2.3012,2.3164,2.3308,2.3434,2.3534,2.3595,2.3611,2.3571,2.3466,2.3291,2.3041
2009/10/1,0.2108,0.2278,0.2704,0.3296,0.3963,0.4677,0.5417,0.6178,0.6938,0.7717,0.8487,0.9282,1.0088,1.0919,1.1736,1.2536,1.3302,1.403,1.4694,1.5317,1.5888,1.6425,1.6926,1.7402,1.7851,1.829,1.8708,1.9122,1.9536,1.9951,2.0357,2.0752,2.1109,2.1429,2.1705,2.195,2.2156,2.2329,2.2474,2.2598,2.2705,2.2801,2.2889,2.2978,2.3069,2.3166,2.3274,2.3398,2.3535,2.3676,2.3812,2.3935,2.4033,2.4097,2.4117,2.4086,2.3994,2.3833,2.3599
2009/11/1,0.2043,0.2183,0.2342,0.2608,0.3021,0.3602,0.4321,0.5076,0.58,0.6454,0.7083,0.7742,0.8472,0.9277,1.0145,1.1012,1.1861,1.267,1.3416,1.4111,1.4758,1.5352,1.5907,1.642,1.6901,1.7355,1.7797,1.8227,1.866,1.9096,1.9528,1.9931,2.0288,2.0585,2.0831,2.1039,2.1219,2.1371,2.1508,2.1631,2.1744,2.1849,2.1948,2.2046,2.2143,2.224,2.234,2.2445,2.2555,2.2662,2.2761,2.2848,2.2918,2.2963,2.298,2.2963,2.2909,2.2812,2.2668
2009/12/1,0.1528,0.1277,0.1397,0.1836,0.2431,0.3041,0.3673,0.4312,0.4989,0.5709,0.6478,0.73,0.8175,0.9074,1.0022,1.0954,1.1882,1.2707,1.3472,1.4152,1.4772,1.5337,1.5878,1.6392,1.6908,1.7409,1.7914,1.8418,1.8928,1.9423,1.9906,2.0362,2.078,2.1136,2.1444,2.1709,2.1941,2.2139,2.232,2.2476,2.2624,2.2757,2.2883,2.3008,2.3133,2.3257,2.3389,2.3526,2.3671,2.3808,2.3937,2.4047,2.4129,2.4176,2.418,2.4136,2.4035,2.3874,2.3644
2010/1/1,0.1382,0.132,0.1518,0.1933,0.2488,0.3103,0.3799,0.4521,0.5267,0.6029,0.6815,0.7629,0.849,0.9378,1.0317,1.124,1.2158,1.2984,1.3758,1.4449,1.5084,1.5665,1.622,1.6739,1.725,1.774,1.8228,1.8707,1.9189,1.9659,2.0118,2.0554,2.0956,2.1308,2.1621,2.1892,2.213,2.2331,2.2511,2.2663,2.2804,2.293,2.3051,2.3169,2.3291,2.3415,2.355,2.3696,2.385,2.3999,2.4139,2.4255,2.434,2.4383,2.4376,2.4313,2.4181,2.3979,2.3693
2010/2/1,0.1377,0.1355,0.1557,0.1957,0.2493,0.3146,0.3881,0.4642,0.5378,0.6089,0.6783,0.7516,0.8295,0.9178,1.0094,1.1062,1.1994,1.2871,1.3669,1.4403,1.5066,1.5688,1.6261,1.6812,1.7329,1.7842,1.833,1.8811,1.9286,1.9758,2.0215,2.066,2.1069,2.1449,2.1787,2.2094,2.2348,2.2567,2.2746,2.2897,2.3025,2.3139,2.3242,2.3344,2.3446,2.3555,2.3676,2.3817,2.396,2.4108,2.4243,2.4359,2.4445,2.4493,2.4492,2.4435,2.4314,2.4119,2.3847
2010/3/1,0.1427,0.1388,0.1652,0.2178,0.2829,0.3531,0.4247,0.4991,0.5766,0.6587,0.7456,0.8341,0.9251,1.0184,1.113,1.2066,1.2953,1.3778,1.4516,1.5169,1.5756,1.6309,1.6826,1.7329,1.7831,1.834,1.885,1.9342,1.9808,2.0242,2.0639,2.1012,2.1361,2.1703,2.2023,2.232,2.2588,2.2824,2.3025,2.3198,2.3346,2.3477,2.3593,2.3697,2.3793,2.3886,2.3979,2.4076,2.4176,2.4274,2.4362,2.4434,2.4484,2.4508,2.4499,2.4452,2.4364,2.4229,2.4043
2010/4/1,0.1424,0.1438,0.1591,0.188,0.2282,0.2804,0.341,0.409,0.4797,0.5554,0.6325,0.7135,0.7992,0.8908,0.9863,1.0839,1.1765,1.2636,1.3398,1.4075,1.4654,1.52,1.5704,1.619,1.6674,1.717,1.7668,1.8168,1.8654,1.9135,1.9588,2.0022,2.0398,2.074,2.1027,2.1274,2.1484,2.1669,2.1826,2.1965,2.2084,2.2192,2.2286,2.2371,2.2448,2.2521,2.2591,2.2662,2.2729,2.2793,2.2847,2.2887,2.2911,2.2917,2.29,2.2857,2.2786,2.2686,2.2552
2010/5/1,0.1474,0.1612,0.1733,0.1895,0.2186,0.2647,0.3247,0.3912,0.4587,0.5255,0.5936,0.6672,0.7488,0.8429,0.9456,1.0514,1.1544,1.2495,1.3331,1.4047,1.4671,1.5233,1.5749,1.6243,1.6723,1.7208,1.7675,1.8128,1.8565,1.8987,1.9384,1.9759,2.0105,2.0423,2.0712,2.0972,2.1199,2.1398,2.1572,2.1722,2.1851,2.1964,2.206,2.214,2.2207,2.2263,2.231,2.2349,2.2381,2.2405,2.2422,2.2429,2.2427,2.2416,2.2397,2.2367,2.2329,2.2281,2.2222
2010/6/1,0.1444,0.1388,0.1437,0.1592,0.1825,0.2149,0.2522,0.2979,0.3466,0.4027,0.4635,0.5313,0.6048,0.6883,0.7772,0.8744,0.9658,1.0546,1.1281,1.1933,1.2483,1.3003,1.3484,1.397,1.4457,1.4984,1.551,1.605,1.6535,1.7013,1.7429,1.7823,1.8157,1.846,1.8718,1.8945,1.9139,1.9318,1.9471,1.9616,1.9739,1.9857,1.996,2.0057,2.0144,2.0227,2.0304,2.038,2.0449,2.0513,2.0565,2.0606,2.0631,2.0641,2.0633,2.0603,2.0552,2.0478,2.0379
2010/7/1,0.1395,0.1392,0.145,0.1585,0.1818,0.2162,0.2605,0.3109,0.3631,0.4174,0.4734,0.5349,0.6029,0.6824,0.7691,0.8644,0.9564,1.0419,1.1164,1.1784,1.2301,1.2767,1.3196,1.3629,1.4071,1.4554,1.5044,1.5529,1.5999,1.6445,1.6851,1.7221,1.7533,1.7796,1.801,1.8188,1.833,1.8455,1.8562,1.8657,1.8742,1.8821,1.8894,1.8964,1.9033,1.9104,1.9177,1.9256,1.9331,1.9407,1.9474,1.9531,1.9574,1.9602,1.9609,1.9595,1.9556,1.949,1.9395
2010/8/1,0.1229,0.1193,0.1191,0.1246,0.1394,0.1649,0.1997,0.2397,0.2834,0.3283,0.3776,0.4332,0.501,0.5788,0.6726,0.7713,0.8676,0.9555,1.0307,1.0895,1.1388,1.1812,1.2217,1.262,1.3066,1.3541,1.4037,1.4531,1.501,1.5455,1.587,1.6237,1.6559,1.6824,1.7051,1.7235,1.7403,1.7557,1.7704,1.7845,1.7979,1.8107,1.8228,1.8337,1.8439,1.8529,1.8612,1.8681,1.8741,1.879,1.8827,1.885,1.8862,1.886,1.8844,1.8815,1.8771,1.8714,1.8641
2010/9/1,0.1319,0.1295,0.1336,0.1439,0.1598,0.1806,0.2065,0.236,0.2688,0.305,0.3468,0.3964,0.4568,0.5292,0.6156,0.7112,0.8086,0.9028,0.9863,1.0562,1.1151,1.1665,1.2138,1.259,1.3049,1.3534,1.4042,1.4553,1.5068,1.5559,1.6023,1.645,1.6826,1.7147,1.7412,1.763,1.782,1.7991,1.8155,1.8312,1.8465,1.8609,1.8747,1.8876,1.9,1.9116,1.9225,1.9326,1.9416,1.9496,1.9563,1.9611,1.9642,1.9652,1.9641,1.9607,1.9547,1.9461,1.9347
2010/10/1,0.1283,0.1239,0.1331,0.1531,0.1799,0.2088,0.2414,0.2758,0.311,0.3489,0.3912,0.439,0.4961,0.5623,0.6405,0.7249,0.814,0.8999,0.9787,1.0525,1.1187,1.1813,1.2424,1.3016,1.3614,1.4216,1.484,1.5422,1.6011,1.6565,1.7067,1.7542,1.795,1.8304,1.8603,1.885,1.9065,1.9254,1.9435,1.9595,1.9754,1.9905,2.0049,2.0191,2.0335,2.0478,2.0628,2.0777,2.0923,2.1058,2.1179,2.1275,2.134,2.1373,2.1366,2.1315,2.1213,2.1059,2.0843
2010/11/1,0.168,0.1599,0.1863,0.2337,0.284,0.3289,0.3698,0.4138,0.466,0.5289,0.6009,0.6782,0.7611,0.8455,0.9315,1.0168,1.0983,1.1751,1.2452,1.3075,1.3653,1.4199,1.4736,1.5274,1.5834,1.6404,1.6977,1.7532,1.8057,1.8538,1.8976,1.9364,1.9699,1.9981,2.0222,2.0421,2.0596,2.0754,2.0902,2.1041,2.1172,2.1296,2.1413,2.1521,2.1624,2.1721,2.1815,2.1901,2.1978,2.2046,2.2101,2.2139,2.216,2.2161,2.214,2.2096,2.2026,2.1928,2.1802
2010/12/1,0.1521,0.1483,0.1699,0.2056,0.246,0.2836,0.3192,0.3592,0.4094,0.4737,0.5501,0.6309,0.7151,0.7972,0.8789,0.9529,1.0242,1.0896,1.149,1.2011,1.2496,1.2956,1.3428,1.3912,1.444,1.5016,1.5631,1.624,1.6836,1.7401,1.7929,1.8393,1.8796,1.9125,1.9387,1.959,1.9765,1.9915,2.0062,2.0197,2.0322,2.0442,2.0553,2.0651,2.074,2.0818,2.0886,2.0942,2.0988,2.1025,2.1052,2.1067,2.1073,2.1069,2.1056,2.1034,2.1002,2.0963,2.0913
2011/1/1,0.1575,0.1494,0.1884,0.2482,0.3102,0.3613,0.4032,0.4459,0.4969,0.5601,0.6341,0.7124,0.795,0.8768,0.9597,1.0369,1.1127,1.1824,1.2465,1.3037,1.3579,1.4094,1.462,1.5157,1.5739,1.6354,1.6992,1.7608,1.8191,1.8724,1.9204,1.962,1.9976,2.026,2.049,2.0673,2.0836,2.0984,2.1134,2.128,2.1422,2.1563,2.1702,2.1833,2.1961,2.2084,2.2203,2.2312,2.2413,2.2499,2.2568,2.2616,2.2642,2.2643,2.2615,2.2557,2.2465,2.234,2.2173
2011/2/1,0.1821,0.1882,0.2367,0.3025,0.3665,0.4206,0.4666,0.5152,0.5714,0.6398,0.7149,0.7961,0.8755,0.9566,1.0339,1.1074,1.1762,1.2403,1.2971,1.348,1.3939,1.439,1.4839,1.5328,1.5849,1.6417,1.7006,1.7594,1.8152,1.8681,1.9156,1.9588,1.9959,2.0277,2.0532,2.0751,2.0932,2.109,2.1231,2.1357,2.1471,2.1577,2.1675,2.1768,2.1856,2.1947,2.2034,2.2122,2.2203,2.2278,2.234,2.2388,2.2419,2.243,2.2418,2.2381,2.2318,2.2223,2.2098
2011/3/1,0.1599,0.1611,0.1903,0.2423,0.2998,0.3542,0.4013,0.449,0.5034,0.5688,0.644,0.7257,0.8099,0.8951,0.9787,1.0605,1.1397,1.2134,1.2824,1.3462,1.4044,1.4592,1.5121,1.5657,1.6215,1.6805,1.7412,1.8026,1.8606,1.9145,1.9635,2.0075,2.046,2.0781,2.1043,2.1262,2.1445,2.1606,2.1751,2.1887,2.2011,2.2126,2.2236,2.2343,2.2449,2.2556,2.2664,2.2775,2.2882,2.2981,2.3066,2.3136,2.3186,2.3213,2.3213,2.3183,2.3119,2.3016,2.2873
2011/4/1,0.1658,0.1643,0.1903,0.2361,0.2865,0.3342,0.3776,0.4241,0.4787,0.5462,0.6231,0.7055,0.7898,0.8736,0.9541,1.0311,1.1042,1.1733,1.2381,1.3008,1.3577,1.4142,1.4689,1.5242,1.5816,1.6414,1.7023,1.7632,1.8217,1.8769,1.9271,1.9736,2.013,2.0457,2.0722,2.0941,2.1124,2.1287,2.1435,2.1575,2.1706,2.1829,2.1941,2.2052,2.2156,2.2256,2.2354,2.245,2.2538,2.2616,2.2681,2.2732,2.2766,2.2782,2.2776,2.2747,2.2693,2.261,2.2498
2011/5/1,0.1626,0.1465,0.1663,0.2092,0.2577,0.3037,0.3454,0.3903,0.4435,0.5084,0.5832,0.665,0.7476,0.8297,0.9094,0.9858,1.0593,1.1293,1.1956,1.2589,1.3188,1.3768,1.4332,1.4901,1.5461,1.6023,1.6583,1.7136,1.7671,1.8182,1.8653,1.9079,1.9442,1.9736,1.9966,2.0152,2.0311,2.0457,2.0599,2.0738,2.0873,2.1003,2.1127,2.1247,2.1361,2.1472,2.1576,2.1674,2.1762,2.1839,2.1902,2.1951,2.1982,2.1996,2.1989,2.1962,2.191,2.1834,2.1731
2011/6/1,0.1394,0.1391,0.1629,0.2074,0.2558,0.3035,0.3457,0.3886,0.4371,0.4945,0.5606,0.6347,0.7113,0.7907,0.8679,0.9457,1.0198,1.0908,1.1587,1.2236,1.2842,1.343,1.3985,1.454,1.5088,1.5644,1.6174,1.6703,1.7197,1.7657,1.8075,1.8454,1.8787,1.9071,1.9307,1.9515,1.9699,1.9878,2.0047,2.022,2.0386,2.0546,2.0697,2.0843,2.0978,2.1104,2.1217,2.132,2.141,2.1486,2.1546,2.159,2.1617,2.1628,2.162,2.1594,2.1549,2.1482,2.1394
2011/7/1,0.1361,0.1398,0.1575,0.1872,0.2219,0.2591,0.2978,0.3406,0.3885,0.443,0.5031,0.5701,0.6411,0.7192,0.7983,0.8834,0.9681,1.0507,1.1281,1.2005,1.2645,1.324,1.3787,1.4325,1.4856,1.5399,1.5934,1.6461,1.6969,1.7454,1.7894,1.8295,1.8637,1.8914,1.9133,1.9321,1.9483,1.9648,1.9816,1.9989,2.0164,2.0339,2.0507,2.0673,2.0829,2.0977,2.1111,2.1237,2.1347,2.144,2.1517,2.1578,2.162,2.1643,2.1646,2.1629,2.159,2.1525,2.1439
2011/8/1,0.1235,0.1136,0.1286,0.1606,0.199,0.2382,0.2775,0.3186,0.3644,0.4144,0.472,0.5334,0.6029,0.6775,0.7577,0.8426,0.93,1.0137,1.0942,1.1667,1.2328,1.2922,1.3486,1.4012,1.4528,1.5036,1.5542,1.6038,1.6534,1.701,1.7463,1.7873,1.8238,1.8524,1.8768,1.8973,1.9162,1.9351,1.9548,1.975,1.9955,2.0152,2.0346,2.0527,2.07,2.0852,2.099,2.1111,2.1217,2.1306,2.1381,2.144,2.1486,2.1518,2.1537,2.1544,2.1538,2.1518,2.1487
2011/9/1,0.1204,0.1079,0.1301,0.1718,0.2186,0.2623,0.3017,0.3413,0.3847,0.4333,0.4894,0.5516,0.619,0.6898,0.7633,0.8395,0.9145,0.9873,1.0567,1.1213,1.1806,1.2346,1.2851,1.3335,1.381,1.428,1.4759,1.523,1.5697,1.6156,1.6587,1.6979,1.7315,1.7574,1.777,1.7924,1.806,1.8199,1.8357,1.8528,1.8709,1.8894,1.9078,1.9257,1.9427,1.9582,1.9721,1.9845,1.9955,2.0049,2.0129,2.0197,2.0254,2.0301,2.0338,2.0366,2.0386,2.0397,2.0401
2011/10/1,0.1249,0.1186,0.1431,0.1814,0.2257,0.2689,0.3094,0.3524,0.3998,0.4513,0.5097,0.5725,0.6407,0.7116,0.7875,0.8644,0.9394,1.0144,1.0838,1.1485,1.2085,1.2635,1.3165,1.3677,1.4204,1.4711,1.5242,1.5756,1.6237,1.6704,1.7118,1.7492,1.7817,1.8075,1.8287,1.8461,1.8622,1.8772,1.8934,1.91,1.9264,1.9428,1.9592,1.9749,1.9902,2.0046,2.0182,2.0309,2.0429,2.0536,2.063,2.0717,2.0791,2.0854,2.0906,2.0948,2.0977,2.0992,2.0994
2011/11/1,0.1182,0.1123,0.1383,0.1791,0.2245,0.2699,0.3155,0.364,0.4175,0.4763,0.5425,0.6123,0.6846,0.7584,0.8319,0.905,0.9767,1.0449,1.11,1.1706,1.2276,1.2818,1.3354,1.388,1.4418,1.4966,1.5513,1.6037,1.6524,1.6962,1.7352,1.7695,1.7994,1.8237,1.8442,1.8621,1.8783,1.894,1.9095,1.9249,1.94,1.9545,1.9684,1.9816,1.9943,2.0058,2.0165,2.0265,2.0358,2.0444,2.0524,2.0599,2.0669,2.0736,2.0799,2.0861,2.0921,2.0977,2.1032
2011/12/1,0.12,0.1042,0.127,0.1698,0.2143,0.2517,0.2812,0.3106,0.3461,0.3905,0.4478,0.5137,0.5873,0.6596,0.7338,0.8058,0.8761,0.9432,1.0093,1.0722,1.1344,1.1931,1.2508,1.3073,1.3634,1.4171,1.4695,1.5202,1.5693,1.6149,1.6576,1.6958,1.7288,1.7549,1.776,1.7928,1.8085,1.8237,1.8392,1.8551,1.871,1.886,1.9005,1.9137,1.9259,1.9362,1.9454,1.9534,1.9606,1.9672,1.9735,1.9797,1.9863,1.9933,2.001,2.0098,2.02,2.0311,2.0442
2012/1/1,0.1196,0.1073,0.1317,0.1723,0.214,0.25,0.2805,0.3114,0.3475,0.3903,0.4435,0.504,0.5719,0.6408,0.7141,0.7871,0.8601,0.9307,0.9999,1.0647,1.1269,1.1852,1.2423,1.2974,1.3526,1.4064,1.4595,1.5114,1.5621,1.6099,1.655,1.6949,1.7289,1.7553,1.7763,1.7929,1.8084,1.8238,1.8397,1.8561,1.8727,1.8886,1.9043,1.919,1.9329,1.9454,1.957,1.9674,1.9769,1.9853,1.993,1.9998,2.0061,2.0117,2.0168,2.0215,2.0259,2.0296,2.0332
2012/2/1,0.1068,0.0878,0.0998,0.1273,0.16,0.195,0.2312,0.2717,0.3173,0.3714,0.4308,0.4983,0.5685,0.6414,0.7152,0.7895,0.8615,0.933,1.0005,1.0658,1.1265,1.1866,1.2439,1.3002,1.3565,1.4138,1.4699,1.5251,1.5765,1.6252,1.6688,1.7078,1.7397,1.7667,1.7885,1.8072,1.8243,1.8414,1.8584,1.8752,1.8915,1.9078,1.9235,1.939,1.9533,1.9675,1.9807,1.993,2.0043,2.0148,2.0242,2.0327,2.0399,2.0462,2.0512,2.0548,2.057,2.0579,2.0572
2012/3/1,0.1073,0.1033,0.1172,0.1417,0.1717,0.2059,0.2429,0.2851,0.334,0.391,0.4564,0.5302,0.6072,0.6845,0.7584,0.8273,0.89,0.9497,1.0081,1.0665,1.1261,1.187,1.2476,1.3068,1.3632,1.4171,1.4682,1.5182,1.5661,1.6129,1.6573,1.6978,1.7325,1.7607,1.7826,1.8011,1.818,1.8358,1.8551,1.8747,1.8946,1.9141,1.9328,1.9503,1.9659,1.9796,1.9911,2.0006,2.0085,2.0152,2.0208,2.0255,2.0295,2.0333,2.0369,2.0404,2.0442,2.0483,2.053
2012/4/1,0.1075,0.1025,0.1074,0.1201,0.1387,0.1622,0.1914,0.2274,0.2697,0.3204,0.3781,0.4439,0.5125,0.5852,0.6562,0.7236,0.7913,0.8558,0.9195,0.9834,1.0457,1.1084,1.1694,1.2308,1.2878,1.3459,1.4016,1.454,1.5064,1.5554,1.6019,1.6443,1.6803,1.71,1.7332,1.7532,1.7706,1.7892,1.809,1.8291,1.8498,1.8706,1.8903,1.9092,1.9262,1.9415,1.9546,1.9661,1.9759,1.984,1.9911,1.9969,2.0018,2.006,2.0095,2.0123,2.0147,2.0169,2.0187
2012/5/1,0.1106,0.1109,0.1025,0.0978,0.1026,0.1196,0.149,0.187,0.2325,0.2844,0.3419,0.4043,0.4693,0.5365,0.6047,0.673,0.7404,0.8077,0.8722,0.9346,0.9946,1.0528,1.11,1.1664,1.2221,1.2777,1.3318,1.3842,1.4336,1.4806,1.5228,1.5605,1.5933,1.621,1.6446,1.666,1.6864,1.7076,1.7297,1.7522,1.774,1.795,1.8146,1.8324,1.8477,1.8606,1.8712,1.8796,1.8864,1.8918,1.8962,1.8999,1.903,1.906,1.9091,1.9124,1.9162,1.9208,1.9264
2012/6/1,0.1098,0.1056,0.1009,0.1001,0.106,0.1205,0.1436,0.1758,0.2157,0.2655,0.3224,0.3883,0.4558,0.5273,0.5956,0.6638,0.7288,0.7928,0.8551,0.918,0.9792,1.0419,1.1029,1.1645,1.2216,1.2793,1.3333,1.3876,1.4395,1.4902,1.5381,1.5828,1.6211,1.6541,1.68,1.7032,1.7242,1.7479,1.7734,1.8003,1.8274,1.8549,1.8808,1.9058,1.9277,1.9475,1.9644,1.9792,1.9912,2.0016,2.0099,2.0166,2.0217,2.0256,2.0282,2.0296,2.0301,2.0297,2.0286
2012/7/1,0.1106,0.1121,0.1038,0.097,0.098,0.1098,0.1326,0.165,0.205,0.2531,0.3073,0.3692,0.4319,0.4986,0.5651,0.6311,0.6955,0.76,0.8224,0.8849,0.945,1.005,1.0637,1.122,1.1784,1.2336,1.2876,1.3407,1.3913,1.441,1.4875,1.5303,1.5674,1.5995,1.6247,1.6472,1.6682,1.6905,1.7149,1.7407,1.7666,1.7926,1.817,1.84,1.86,1.8778,1.8928,1.9055,1.9163,1.9256,1.9334,1.9403,1.9461,1.9514,1.9563,1.961,1.9655,1.9703,1.9754
2012/8/1,0.1058,0.1031,0.0974,0.0962,0.1034,0.1204,0.1474,0.1818,0.2233,0.2711,0.3254,0.3843,0.4473,0.512,0.5791,0.6453,0.7135,0.7786,0.845,0.9093,0.9719,1.0331,1.0938,1.152,1.21,1.2657,1.3213,1.3749,1.4285,1.4797,1.5286,1.5732,1.6124,1.6444,1.6705,1.6928,1.7144,1.7376,1.7642,1.7913,1.82,1.848,1.8748,1.8996,1.9215,1.9405,1.9572,1.971,1.983,1.993,2.0016,2.0086,2.0147,2.0199,2.0244,2.0283,2.032,2.0355,2.0392
2012/9/1,0.1044,0.1014,0.0985,0.0985,0.1045,0.118,0.1391,0.1678,0.2039,0.2473,0.2985,0.3562,0.4182,0.4824,0.5474,0.6111,0.6744,0.7357,0.7965,0.8575,0.9186,0.9807,1.0433,1.1049,1.1657,1.2249,1.2831,1.3401,1.3968,1.4519,1.5058,1.5561,1.6015,1.6396,1.67,1.6948,1.7168,1.739,1.7633,1.7884,1.8141,1.8395,1.8638,1.8864,1.9065,1.9239,1.9388,1.9513,1.9621,1.9713,1.9795,1.9865,1.9929,1.9991,2.0052,2.0113,2.0178,2.0249,2.0329
2012/10/1,0.1046,0.0971,0.0957,0.1001,0.1092,0.1233,0.143,0.1692,0.2037,0.2463,0.2988,0.3586,0.4247,0.4917,0.5568,0.6219,0.6826,0.742,0.8016,0.8603,0.9203,0.9807,1.044,1.1044,1.168,1.2309,1.2915,1.3531,1.4109,1.4672,1.5214,1.5706,1.6161,1.6555,1.6909,1.7212,1.7512,1.7811,1.8116,1.8424,1.8733,1.9025,1.9301,1.9545,1.9757,1.9932,2.008,2.0197,2.029,2.0368,2.0431,2.0485,2.0535,2.0583,2.0634,2.0689,2.0755,2.0831,2.0926
2012/11/1,0.1016,0.0942,0.0958,0.1022,0.111,0.1213,0.1344,0.1531,0.1796,0.215,0.2605,0.3138,0.3722,0.4337,0.4967,0.5592,0.6224,0.6846,0.7475,0.8115,0.8765,0.9428,1.0094,1.0745,1.1383,1.2001,1.2611,1.3216,1.3829,1.4436,1.5029,1.5582,1.6078,1.6492,1.6832,1.7123,1.7395,1.7675,1.7978,1.8282,1.8586,1.888,1.9157,1.9407,1.9625,1.9809,1.9965,2.0092,2.0199,2.0287,2.0363,2.0426,2.0483,2.0537,2.0591,2.0646,2.0707,2.0776,2.0857
2012/12/1,0.1064,0.1047,0.101,0.0992,0.1028,0.1136,0.1332,0.1606,0.199,0.2464,0.3049,0.3722,0.4444,0.5179,0.5897,0.6553,0.7165,0.7739,0.8331,0.8906,0.9539,1.0203,1.0894,1.157,1.2231,1.2844,1.3443,1.4015,1.4592,1.5181,1.578,1.6332,1.6834,1.7259,1.7609,1.7902,1.8176,1.8455,1.8747,1.9033,1.9322,1.9581,1.9828,2.0035,2.0204,2.0339,2.0442,2.0517,2.0573,2.0614,2.0646,2.0673,2.0701,2.0735,2.0779,2.0837,2.0914,2.1014,2.1144
2013/1/1,0.0867,0.0762,0.0744,0.0786,0.0867,0.0972,0.111,0.1319,0.1626,0.2044,0.2598,0.3261,0.3999,0.4749,0.5494,0.6182,0.6808,0.7408,0.7993,0.8587,0.9209,0.986,1.0535,1.12,1.1872,1.2501,1.3137,1.3759,1.4369,1.4987,1.5591,1.6155,1.6677,1.7123,1.7513,1.7855,1.8187,1.8514,1.8839,1.9159,1.9465,1.975,2.0008,2.0229,2.0413,2.0557,2.0671,2.0754,2.0819,2.0868,2.0907,2.0943,2.0978,2.102,2.1073,2.1138,2.1224,2.1332,2.1472
